"tweet_id","in_reply_to_status_id","in_reply_to_user_id","timestamp","source","text","retweeted_status_id","retweeted_status_user_id","retweeted_status_timestamp","expanded_urls"
"433679946330812416","","","2014-02-12 19:12:11 +0000","web","If a refresh doesn't fix it, a clear cache maneuver may be in order. #WebDesign","","","",""
"428243091405811713","","","2014-01-28 19:08:04 +0000","web","Just resolved my first non-educational merge conflict. Didn't even stress out  #imABigKidNow","","","",""
"426190607095066624","","","2014-01-23 03:12:13 +0000","<a href=""http://twitter.com/download/android"" rel=""nofollow"">Twitter for Android</a>","Super-bowl. Haha: http://t.co/vy0QLZLk2U
http://t.co/vy0QLZLk2U","","","","http://thechive.com/2014/01/22/daily-afternoon-randomness-49-photos-290/,http://thechive.com/2014/01/22/daily-afternoon-randomness-49-photos-290/"
"426052853551992832","426051070213623809","7923542","2014-01-22 18:04:50 +0000","web","@MarkRiffey That will be in two weeks when I start to make this: http://t.co/O8mhsJFlGH
That's 36 feet of LED strips spinning at 450 RPM!","","","","http://beagleboard.org/blog/2013-12-17-project-spotlight-orbital-rendersphere"
"426050415180779520","","","2014-01-22 17:55:09 +0000","web","Favorite git command of the week:
git log --graph --decorate --stat --oneline
#gitIsAwesome","","","",""
"425757645723533312","","","2014-01-21 22:31:47 +0000","web","Last 2hrs wasted: Turns out ""messageObj"" is set from ""message-obj"" attributes not from ""messageObj"".  #angularjs #mindblown","","","",""
"425686425078472704","","","2014-01-21 17:48:47 +0000","web","I hit a new notch (smaller) on my belt today.
I guess eating less than 6000 calories a day is a good diet. #lifeAfterCollegeFootball","","","",""
"424936847991517186","","","2014-01-19 16:10:14 +0000","<a href=""http://twitter.com/download/android"" rel=""nofollow"">Twitter for Android</a>","RT @Book_Krazy: My battery died so I spent so time with the family today. 

They seem like nice people.","396377646054916097","1721123071","2013-11-01 20:46:09 +0000",""
"424217087683198976","","","2014-01-17 16:30:09 +0000","web","I just had a ""Bad"" git commit!
See: bad97a9...","","","",""
"421806130151448576","","","2014-01-11 00:49:52 +0000","<a href=""http://twitter.com/download/android"" rel=""nofollow"">Twitter for Android</a>","RT @berglundjoakim: It's like a small Christmas when kickstarter things arrive. Excited to get my @sparkdevices up and running later! http:…","420803982647648256","52913691","2014-01-08 06:27:42 +0000","http://twitter.com/berglundjoakim/status/420803982647648256/photo/1,http://twitter.com/berglundjoakim/status/420803982647648256/photo/1"
"417941145474179072","","","2013-12-31 08:51:48 +0000","<a href=""http://twitter.com/download/android"" rel=""nofollow"">Twitter for Android</a>","Wake up at 1:30am for flight. #whySleep","","","",""
"416749146779820033","416748785218248704","261575978","2013-12-28 01:55:14 +0000","<a href=""http://twitter.com/download/android"" rel=""nofollow"">Twitter for Android</a>","@RhysFelton oops","","","",""
"416731862841585664","","","2013-12-28 00:46:33 +0000","<a href=""http://twitter.com/download/android"" rel=""nofollow"">Twitter for Android</a>","Some shrimp on da bbq? #Delicious http://t.co/XNyg9BQqs4","","","","http://twitter.com/bignatewoods/status/416731862841585664/photo/1"
"410524734942502912","","","2013-12-10 21:41:38 +0000","web","Apparently, I just graduated! @CarrollCollege","","","",""
"410049334076391425","","","2013-12-09 14:12:34 +0000","<a href=""http://twitter.com/download/android"" rel=""nofollow"">Twitter for Android</a>","RT @HuricaneDeVries: @ESpading Its getting ridiculous how much motivation i don't have...#soclose #sofaraway","409868159147966464","159032134","2013-12-09 02:12:38 +0000",""
"409536332961026048","","","2013-12-08 04:14:05 +0000","<a href=""http://twitter.com/download/android"" rel=""nofollow"">Twitter for Android</a>","RT @Ben_Near: Just heard my last lecture ever","409064461396238336","243849371","2013-12-06 20:59:02 +0000",""
"409535801404293122","","","2013-12-08 04:11:58 +0000","<a href=""http://twitter.com/download/android"" rel=""nofollow"">Twitter for Android</a>","RT @kachoodan: Yup, it's cold here all right. High, yes high today of -2 degrees F. Picture out my office window. http://t.co/T0nrOGLOY9","409109322958774272","87811748","2013-12-06 23:57:18 +0000","http://twitter.com/kachoodan/status/409109322958774272/photo/1,http://twitter.com/kachoodan/status/409109322958774272/photo/1"
"408687307776995328","","","2013-12-05 20:00:21 +0000","<a href=""http://twitter.com/download/android"" rel=""nofollow"">Twitter for Android</a>","Just finished my last class @CarrollCollege #freedom","","","",""
"408655086131625984","","","2013-12-05 17:52:19 +0000","<a href=""http://twitter.com/download/android"" rel=""nofollow"">Twitter for Android</a>","Starting last undergraduate class in 10 minutes #finally","","","",""
"407309534198112257","","","2013-12-02 00:45:35 +0000","<a href=""http://twitter.com/download/android"" rel=""nofollow"">Twitter for Android</a>","RT @lovemyboots111: According to my financial advisor working is part of my get-rich-slow plan","406583374305062912","509295896","2013-11-30 00:40:05 +0000",""
"407211929535389696","","","2013-12-01 18:17:44 +0000","<a href=""http://twitter.com/download/android"" rel=""nofollow"">Twitter for Android</a>","RT @NAIAFballProbz: Important announcement for Carroll College fans: Williamsburg, KY is located in a dry county. Plan accordingly!!!!","406975708473225216","1395369966","2013-12-01 02:39:04 +0000",""
"402908242394619904","","","2013-11-19 21:16:25 +0000","<a href=""http://twitter.com/download/android"" rel=""nofollow"">Twitter for Android</a>","Sneak preview of this week's Helena game-day #dozers http://t.co/5GWCS9FIrm","","","","http://twitter.com/bignatewoods/status/402908242394619904/photo/1"
"399327393480855552","","","2013-11-10 00:07:24 +0000","<a href=""http://twitter.com/download/android"" rel=""nofollow"">Twitter for Android</a>","RT @RhysFelton: Good snap, good hold, great kick! We just won the fucking conference championship on a field goal! #WeareCC","399310950634762240","261575978","2013-11-09 23:02:04 +0000",""
"397950614954471424","","","2013-11-06 04:56:34 +0000","<a href=""http://twitter.com/download/android"" rel=""nofollow"">Twitter for Android</a>","Remember, remember the 5th of November.  #VforVendetta","","","",""
"386556146254761985","","","2013-10-05 18:19:01 +0000","<a href=""http://twitter.com/download/android"" rel=""nofollow"">Twitter for Android</a>","RT @robfee: I always ask my waitress to name everything that comes in the salad then I respond “OK perfect, I want a cheeseburger w none of…","386272451870859264","282193031","2013-10-04 23:31:43 +0000",""
"383984076874448896","","","2013-09-28 15:58:32 +0000","<a href=""http://twitter.com/download/android"" rel=""nofollow"">Twitter for Android</a>","RT @HuricaneDeVries: First time ever in Oregon and all I can say is #soggy","383815216321937408","159032134","2013-09-28 04:47:33 +0000",""
"286512661544460288","","","2013-01-02 16:41:56 +0000","web","RT @IamJackyBlack: Why are the best comebacks thought of 3 months later in the shower?","286512061087903744","369542435","2013-01-02 16:39:33 +0000",""
"285166998525206528","","","2012-12-29 23:34:45 +0000","<a href=""http://twitter.com/download/android"" rel=""nofollow"">Twitter for Android</a>","RT @comedytexts: Raisin cookies that look like chocolate chip cookies are the main reason I have trust issues","284587300892053504","321445166","2012-12-28 09:11:14 +0000",""
"283071580966367232","","","2012-12-24 04:48:18 +0000","<a href=""http://twitter.com/download/android"" rel=""nofollow"">Twitter for Android</a>","RT @LifeTools: Everyone is not loyal, everyone is not your friend, everyone can't be trusted.","282328928419467265","336243683","2012-12-22 03:37:16 +0000",""
"277309199615156225","","","2012-12-08 07:10:39 +0000","web","Acoustic Get Low, #awesome http://t.co/OLU00Ejo","","","","http://youtu.be/E1p0sA8bgGA"
"275674988835639296","","","2012-12-03 18:56:53 +0000","<a href=""http://twitter.com/download/android"" rel=""nofollow"">Twitter for Android</a>","RT @itsWillyFerrell: Sorry, I can't hangout. My uncle's cousin's sister in law's best friend's insurance agent's roommate's pet goldfish ...","275626698920316928","306025835","2012-12-03 15:45:00 +0000",""
"274209978930327552","","","2012-11-29 17:55:28 +0000","<a href=""http://twitter.com/download/android"" rel=""nofollow"">Twitter for Android</a>","Here goes another attempt at holography","","","",""
"271823196917993472","","","2012-11-23 03:51:15 +0000","<a href=""http://twitter.com/download/android"" rel=""nofollow"">Twitter for Android</a>","RT @johniggy23: Carving a turkey is an art form  #difficult","271784693815472129","180018775","2012-11-23 01:18:15 +0000",""
"271654214197977089","","","2012-11-22 16:39:46 +0000","web","Happy #Thanksgiving everyone, #thanks for everything!","","","",""
"271323132755845120","","","2012-11-21 18:44:10 +0000","<a href=""http://twitter.com/tweetbutton"" rel=""nofollow"">Tweet Button</a>","Bored of slides? Sign up for a free @Prezi account to stop boring #presentations! http://t.co/SCAM3uzP","","","","http://prezi.com/recommend/hnqmkfz140zn/"
"271135564122685441","","","2012-11-21 06:18:50 +0000","web","WTF, Governments want to take the internetz away? https://t.co/3xnorDbL #freeandopen","","","","https://www.google.com/takeaction/"
"267165602676887552","","","2012-11-10 07:23:38 +0000","web","@thepennelopy Your welcome! I was very excited when I found it!","","","",""
"267164989817757696","","","2012-11-10 07:21:11 +0000","web","@thepennelopy If your watching via Google Chrome you can use the extension Simple Add Block to block YouTube adds - At least it works for me","","","",""
"267163160635666433","","","2012-11-10 07:13:55 +0000","web","Changed a tire, un-seized another tire (same vehicle), all in 12 degree F blizzard conditions, and at midnight. What a night!","","","",""
"261181395752345600","","","2012-10-24 19:04:31 +0000","<a href=""http://twitter.com/download/android"" rel=""nofollow"">Twitter for Android</a>","RT @itsBroStinson: The only reason some people get lost in thought is because it’s unfamiliar territory.","260918726214434816","456901717","2012-10-24 01:40:46 +0000",""
"261151104358809601","","","2012-10-24 17:04:09 +0000","<a href=""http://twitter.com/download/android"" rel=""nofollow"">Twitter for Android</a>","Does anybody wonder: ""If we are paying so much for school, why does all the technology there suck?"". Thanks Carroll!","","","",""
"246470817779691521","","","2012-09-14 04:49:56 +0000","<a href=""http://twitter.com/download/android"" rel=""nofollow"">Twitter for Android</a>","RT @TwitterOSS: ""MapReduce is Good Enough? If All You Have is a Hammer, Throw Away Everything That's Not a Nail!"" by @lintool #hadoop ht ...","246460921717866497","376825877","2012-09-14 04:10:37 +0000","http://arxiv.org/abs/1209.2191,http://arxiv.org/abs/1209.2191"
"244435809502130176","","","2012-09-08 14:03:33 +0000","<a href=""http://twitter.com/download/android"" rel=""nofollow"">Twitter for Android</a>","Built a web-server today complete with dynamic FTP access, started designing the website it will be hosting too, in 15 min. No big deal #nbd","","","",""
"226328722851119106","","","2012-07-20 14:52:27 +0000","web","RT @JackyBIack: It's embarrassing that 90% of my Google history is just words I wasn't sure how to spell, and yes I googled embarrassing.","226128755318484992","369542435","2012-07-20 01:37:51 +0000",""
"216382090088943616","","","2012-06-23 04:08:05 +0000","web","Working on generating my own web statistics. Watch out Google, here I come! (not so much)","","","",""
"216000962823856129","","","2012-06-22 02:53:37 +0000","web","Just got destoryed by the GRE today, NBD","","","",""
"210081308196610048","","","2012-06-05 18:51:01 +0000","web","Why did I pick a job where there are 170 stairs between me and a delicious lunch?","","","",""
"209320047477399553","","","2012-06-03 16:26:02 +0000","web","RT @WilIyWonkaa: Things to do: 1) Dig a hole 2) Name it love 3) Watch people fall in love.","209071455491719169","502531529","2012-06-02 23:58:14 +0000",""
"208302775354933249","","","2012-05-31 21:03:46 +0000","<a href=""http://twitter.com/download/android"" rel=""nofollow"">Twitter for Android</a>","Moodle 2.0 transfer from 1.9 seems pretty easy now. Thx #mtmoot","","","",""
"207907462429413379","","","2012-05-30 18:52:56 +0000","<a href=""http://twitter.com/tweetbutton"" rel=""nofollow"">Tweet Button</a>","1960: if the college you goto is anything but the http://t.co/iQHjmy5x","","","","http://www.brotips.com/1960"
"199575241255694336","","","2012-05-07 19:03:40 +0000","web","Research for a day, so exciting","","","",""
"198885010688847873","","","2012-05-05 21:20:56 +0000","web","hey, I'm in the news! - http://t.co/Wnx70H9h","","","","http://bit.ly/JchtxE"
"198167696909676544","","","2012-05-03 21:50:35 +0000","web","RT @DrFunnyQuotes: Teacher: ""Get out a sheet of paper"" Student: ""LOOK AT ME NOW!"" Teacher: ""Excuse me?"" 
Student: ""IM GETTING PAPER!!!","198166822216941568","200005060","2012-05-03 21:47:06 +0000",""
"198148576797405184","","","2012-05-03 20:34:36 +0000","web","all done with another year of college","","","",""
"197830067714404353","","","2012-05-02 23:28:58 +0000","web","RT @ImLeslieChow: Student: ""Should I get in trouble for something I didn't do?"" Teacher: ""No"" Student: ""Good, cause I didn't do my homew ...","197823166704398336","452638864","2012-05-02 23:01:32 +0000",""
"197707668381630464","","","2012-05-02 15:22:36 +0000","web","Here goes robo presentation - hope it goes well","","","",""
"197176504118026240","","","2012-05-01 04:11:56 +0000","web","robot is not so smart - dang","","","",""
"196374999496523776","","","2012-04-28 23:07:03 +0000","web","Almost done, but I'm working on an algorithm that allows a computer to teach itself ... nbd","","","",""
"195715240019767297","","","2012-04-27 03:25:24 +0000","web","RT @ImLeslieChow: When I get in an elevator, before I press a button, I look at everyone inside &amp; say ""Are you ready to take this sh ...","195710337268453376","452638864","2012-04-27 03:05:55 +0000",""
"194924740316639235","","","2012-04-24 23:04:14 +0000","web","RT @itsWillyFerrell: If you having Twitter drama I feel bad for you son, I got 99 problems but a tweet aint one!","194923202789654528","306025835","2012-04-24 22:58:07 +0000",""
"194874955245162496","","","2012-04-24 19:46:24 +0000","web","RT @TheHangoverBaby: I should just change my voicemail greeting to: Please hang up and text me, thanks.""","194874352255246336","379961664","2012-04-24 19:44:00 +0000",""
"194491067331133440","194486357664604160","7923542","2012-04-23 18:20:58 +0000","web","@MarkRiffey I was hinting toward the geo-location information. but that works","","","",""
"194485385601101825","","","2012-04-23 17:58:23 +0000","web","People should start adding their location to tweets more often!","","","",""
"193532259956039680","193518877194452993","16610609","2012-04-21 02:51:01 +0000","<a href=""http://twitter.com/download/android"" rel=""nofollow"">Twitter for Android</a>","@outsidehilary I thought it was ninja hunter bear","","","",""
"193506305896497152","193504335290839040","158215101","2012-04-21 01:07:53 +0000","<a href=""http://twitter.com/download/android"" rel=""nofollow"">Twitter for Android</a>","@duckydork101 yuuuup....its a fun one","","","",""
"193372231726940163","","","2012-04-20 16:15:07 +0000","web","Awesome, love dealing with people on 4-20","","","",""
"192272605686939648","","","2012-04-17 15:25:36 +0000","web","Just set up my first ssl web server ... nbd","","","",""
"191641087142670336","","","2012-04-15 21:36:10 +0000","web","RT @TheHangoverBaby: How come I can't get reception in my house, yet a terrorist can upload a video from a cave in Afganistan?","191626917638713344","379961664","2012-04-15 20:39:52 +0000",""
"191547842437976064","","","2012-04-15 15:25:39 +0000","web","RT @benchprep: Student sleep: How sleep deprivation affects #college students [INFOGRAPHIC] via @schoolsEDU http://t.co/hamN4C77","189502952791224321","33389501","2012-04-09 23:59:59 +0000","http://bit.ly/Ib8TMC,http://bit.ly/Ib8TMC"
"191381814772891648","","","2012-04-15 04:25:55 +0000","web","Just completed the Kryptos competition, no big deal, we just achieved the Turing level of achievement!","","","",""
"190440832149630978","","","2012-04-12 14:06:47 +0000","<a href=""http://twitter.com/download/android"" rel=""nofollow"">Twitter for Android</a>","Just deemed 30 min of college humor is a suitable way to start my day","","","",""
"188038109114544129","","","2012-04-05 22:59:13 +0000","web","RT @TheHangoverBaby: What? I don't stalk you at all... By the way, you're out of milk.”","187977016283373568","379961664","2012-04-05 18:56:27 +0000",""
"187211407673143297","","","2012-04-03 16:14:12 +0000","web","WOOT - Senior Seminar - not so much","","","",""
"186553094463688705","","","2012-04-01 20:38:18 +0000","web","I'm pregnant ... #AprilFools","","","",""
"186552282903609344","","","2012-04-01 20:35:04 +0000","web","RT @itsWillyFerrell: #NamesOfPeopleIWouldntTrust: Ben Dover","186547608066600960","306025835","2012-04-01 20:16:30 +0000",""
"185969195329138688","","","2012-03-31 05:58:05 +0000","web","Noo, its midnight and I haven't finished my homework ... looks like a fun weekend ... sad day","","","",""
"185960539262955520","","","2012-03-31 05:23:42 +0000","web","Existing? #HowToPissAFemaleOff","","","",""
"185953206201892864","185940383061131266","15436489","2012-03-31 04:54:33 +0000","web","@ee1013 That would have been awesome!, but no such luck","","","",""
"185942575423832065","185939995377410049","158215101","2012-03-31 04:12:19 +0000","web","@duckydork101 check DM's?","","","",""
"185939269104304128","185938993085550592","158215101","2012-03-31 03:59:10 +0000","web","@duckydork101 Where are you working?","","","",""
"185939211587829762","185938704727150594","15436489","2012-03-31 03:58:57 +0000","web","@ee1013 I did, oh...nope...not me","","","",""
"185938416993697793","185937975429955587","158215101","2012-03-31 03:55:47 +0000","web","@duckydork101 Things are going swimmingly, how about you?","","","",""
"185937533199319040","185937279808843776","158215101","2012-03-31 03:52:17 +0000","web","@duckydork101 Aww thanks! It shouldn't be too bad, but I say that now...","","","",""
"185936664441528320","","","2012-03-31 03:48:49 +0000","web","Just started working on network security project - NBD","","","",""
"182337171494141952","","","2012-03-21 05:25:44 +0000","web","Well, this will be interesting!","","","",""
"181452966589509634","","","2012-03-18 18:52:13 +0000","<a href=""http://twitter.com/download/android"" rel=""nofollow"">Twitter for Android</a>","No practice today...a blessing or a curse?","","","",""
"179985571131834368","","7923542","2012-03-14 17:41:18 +0000","<a href=""http://twitter.com/devices"" rel=""nofollow"">txt</a>","@MarkRiffey sure did...thinking up more questions now","","","",""
"179782367928516608","179778206428180480","180018775","2012-03-14 04:13:51 +0000","web","@johniggy23 You better be, your in big trouble! #noBigDeal but you better not have any problems come housing signups","","","",""
"179025360535564288","","","2012-03-12 02:05:46 +0000","web","Just read that my cousin has 6318 tweets, looks like I need to catch up! @ee1013","","","",""
"169190767414349824","","","2012-02-13 22:46:37 +0000","web","Title ""The Big Long River"" ""To Motor Oar not to Motor""","","","",""
"169190601047293953","","","2012-02-13 22:45:57 +0000","web","DONE thanks for another awesome weekend #MCM","","","",""
"169155192208637953","","","2012-02-13 20:25:15 +0000","web","can anyone say 'LAST DAY!!!' #MCM","","","",""
"168730208982151168","","","2012-02-12 16:16:31 +0000","web","I guess today is the actual full day 3 #mcm","","","",""
"168361927846793216","","","2012-02-11 15:53:06 +0000","web","here comes day 3 #mcm","","","",""
"167989196554911745","","","2012-02-10 15:12:00 +0000","web","the beginning of day 2, here we go #mcm","","","",""
"164974584527982592","","","2012-02-02 07:33:00 +0000","web","Awesome http://t.co/lblecTnv! some fun little brain teasers","","","","http://cstutoringcenter.com"
"164959323552882690","","","2012-02-02 06:32:22 +0000","web","Wonder if its ever possible to do too many things?","","","",""
"162684681257615360","","","2012-01-26 23:53:45 +0000","web","So..finished coding a blog from scratch today..nbd","","","",""
"159648804516274176","","","2012-01-18 14:50:15 +0000","web","FOR MONTANTA -&gt; NO SOPA! #SOPASTRIKE","","","",""
"159644802856652800","","","2012-01-18 14:34:21 +0000","<a href=""http://twitter.com/tweetbutton"" rel=""nofollow"">Tweet Button</a>","NO SOPA! http://t.co/beT8wdD2","","","","http://www.google.com/takeaction/"
"158234476881788929","158186326355746816","7923542","2012-01-14 17:10:13 +0000","web","@MarkRiffey Just had a hilarious run in with some inebriated students. The best yet I would say!","","","",""
"158119662838743040","","","2012-01-14 09:34:00 +0000","web","On the brink of something awesome ... nbd ... but its time for bed!","","","",""
"158087388051156993","","","2012-01-14 07:25:45 +0000","web","Just had the best experience of my CA career!","","","",""
"156511738748080129","","","2012-01-09 23:04:41 +0000","web","Dropbox anyone?  Pretty awesome service and get 250 MB free by starting with me - come on 41 followers! we can do it! http://t.co/EoDPJFZt","","","","http://db.tt/NqXh0pp"
"156270622593400832","","","2012-01-09 07:06:34 +0000","web","What kind of trend is this ""Page 9 of 366"" - still pretty funny tho - anyway - here comes school!","","","",""
"156260335307857920","","","2012-01-09 06:25:41 +0000","web","RT @_Snape_: #1ThingIFindSexy knowing the difference between your and you're.","156233662206185472","304185486","2012-01-09 04:39:42 +0000",""
"156260182903635968","","","2012-01-09 06:25:05 +0000","web","alright school - #BringItOn!","","","",""
"156105764908445696","","","2012-01-08 20:11:29 +0000","web","Best way to start the semester - with a write-up! #NotSoMuch","","","",""
"154628479558746112","","","2012-01-04 18:21:17 +0000","web","RT @johniggy23: Everybody needs to watch this #MettaWorldPeace #LakersSuck  http://t.co/JhxHQVr5","154441786633371648","180018775","2012-01-04 05:59:25 +0000","http://www.youtube.com/watch?v=4HxcU0xVXrA&feature=share&fb_source=message,http://www.youtube.com/watch?v=4HxcU0xVXrA&feature=share&fb_source=message"
"154343334905778176","","","2012-01-03 23:28:13 +0000","web","OM edits complete --- maybe? @outsidemedia","","","",""
"153971089201049601","","","2012-01-02 22:49:02 +0000","<a href=""http://twitter.com/download/android"" rel=""nofollow"">Twitter for Android</a>","Nice helmets Oregon. #rosebowl","","","",""
"153910995406950400","","","2012-01-02 18:50:15 +0000","web","Einstein 'it'; Pascal hides; Newton draws a square around feet. Einstein sees Newton:""Newton over a square meter-you found Pascal"" -rswenson","","","",""
"153711908963360768","","","2012-01-02 05:39:09 +0000","web","Watching The International ... kind of excited!","","","",""
"153369875778248704","","","2012-01-01 07:00:02 +0000","web","I'm going to be one of 'those' people: ""HAPPY NEW YEAR""!","","","",""
"152494140863688706","","","2011-12-29 21:00:11 +0000","web","somebody decided to run a red light, literally, the stop-light below my house was sheered of last night, crazy people","","","",""
"151732094916247553","","","2011-12-27 18:32:05 +0000","web","just set up dual 23"" monitors, pretty awesome!","","","",""
"151523004747231232","","","2011-12-27 04:41:14 +0000","<a href=""http://twitter.com/download/android"" rel=""nofollow"">Twitter for Android</a>","Nice job drew brees","","","",""
"150834079108055041","","","2011-12-25 07:03:41 +0000","web","Merry Christmas to all and to all a good night","","","",""
"149904867362734080","","","2011-12-22 17:31:20 +0000","web","Back in C-town - Let me know if anyone wants to hang out!","","","",""
"149682344473804801","","","2011-12-22 02:47:06 +0000","<a href=""http://twitter.com/download/android"" rel=""nofollow"">Twitter for Android</a>","Good show #elfonusa","","","",""
"148107465731485696","","","2011-12-17 18:29:06 +0000","<a href=""http://twitter.com/download/android"" rel=""nofollow"">Twitter for Android</a>","At the stadium and ready to rumble #naiaathletics","","","",""
"147664913001758720","","","2011-12-16 13:10:33 +0000","web","Made it to Rome, now it's time for a win!","","","",""
"146859503193821184","","","2011-12-14 07:50:08 +0000","web","Can you say - Done with tests for the year? - I can!
Now just time to get the site up and running for the release next week","","","",""
"146506002932563968","","","2011-12-13 08:25:27 +0000","web","Web statistics to rival Google Analytics?  a possible senior project choice","","","",""
"146453851875180544","","","2011-12-13 04:58:13 +0000","web","So apparently under-grading yourself then causes the professor to over-correct and give you an even better score...turned at 84 into a 96!!!","","","",""
"146434975573614592","","","2011-12-13 03:43:13 +0000","web","Turned in all my take-homes.  Just statistics...boo stats","","","",""
"146290778635907072","","","2011-12-12 18:10:14 +0000","web","50% complete for in-class finals; on to checking my take-home exams","","","",""
"143588153347932160","","","2011-12-05 07:10:58 +0000","web","Tree and wreath up on floor, looks pretty good if I do say so myself","","","",""
"143089923954712576","","","2011-12-03 22:11:11 +0000","<a href=""http://twitter.com/download/android"" rel=""nofollow"">Twitter for Android</a>","35-3....looks like the saints are going to rome","","","",""
"135467670194765824","","","2011-11-12 21:23:04 +0000","web","Just finished writing a query to pull templates dynamically based on calendar events, NBD, just a replica of Google Calendar","","","",""
"135294563949621248","","","2011-11-12 09:55:12 +0000","web","Been coding or thinking about it for past few days, nerd much?","","","",""
"133695727640645632","","","2011-11-08 00:02:00 +0000","web","Hooray, Physics homework sucks!","","","",""
"133241013039939584","133234955173117953","7923542","2011-11-06 17:55:07 +0000","web","@MarkRiffey Did someone have to go coffee-less this morning?","","","",""
"130834980002734081","","","2011-10-31 02:34:24 +0000","web","Placed 8-20 for the local center at ACM ICPC Regionals.  Not too bad for Carroll's first time competing!","","","",""
"129904503418920960","","","2011-10-28 12:57:01 +0000","<a href=""http://twitter.com/devices"" rel=""nofollow"">txt</a>","Thanks @markriffey
-N8","","","",""
"129903435079368706","","7923542","2011-10-28 12:52:47 +0000","<a href=""http://twitter.com/devices"" rel=""nofollow"">txt</a>","@MarkRiffey pretty well actually.
Headed down to the ACM programming competition today, a little nervous","","","",""
"129807848485036032","","","2011-10-28 06:32:57 +0000","web","Is anybody as stressed as I am, or is this just normal?","","","",""
"123482056519983104","","","2011-10-10 19:36:31 +0000","web","Listened to first lecture, can't wait for more! @aiclass","","","",""
"123433721218080768","","","2011-10-10 16:24:27 +0000","web","Did ACM programming contest, finished 4th out of 8
Pretty good for Carroll's first time competing.","","","",""
"115661154264682497","","","2011-09-19 05:39:02 +0000","web","Wow, can you say, annoying, well, that's not the right word, but sometime it sure feels like it","","","",""
"115187897640034304","","","2011-09-17 22:18:29 +0000","<a href=""http://twitter.com/download/android"" rel=""nofollow"">Twitter for Android</a>","Saints win 38-13","","","",""
"113129671100600320","","","2011-09-12 05:59:50 +0000","web","Verizon Trade-In program = free phone
I think so!","","","",""
"105517092928897024","","","2011-08-22 05:50:10 +0000","web","And so begins another academic year, what It brings, none shall know till the year is through and done","","","",""
"99329616715595776","","","2011-08-05 04:03:20 +0000","web","Time for a new laptop, any suggestions?","","","",""
"98186712542478336","","","2011-08-02 00:21:51 +0000","web","Does anybody else feel that 'the cloud' could actually be a bad thing?","","","",""
"96834506790670337","","","2011-07-29 06:48:40 +0000","web","Why can't I sleep?!!","","","",""
"96215163920859137","","","2011-07-27 13:47:37 +0000","web","Nate is switching off his brain, cause he’s at the office","","","",""
"93317896708694016","93149533944549377","7923542","2011-07-19 13:54:54 +0000","web","@MarkRiffey WHAT? why Borders?","","","",""
"93092160378896384","","","2011-07-18 22:57:55 +0000","web","I wonder, whose cruel idea was it for the word ""Lisp"" to have an ""S"" in it?","","","",""
"92298001204248576","92292703945097217","158215101","2011-07-16 18:22:12 +0000","web","@duckydork101 sounds like a re-install is in order","","","",""
"92229508857466881","92119290819510272","158215101","2011-07-16 13:50:03 +0000","web","@duckydork101 and you call yourself a cs major","","","",""
"90610961437822978","90609976615247872","45477797","2011-07-12 02:38:31 +0000","web","@claire80991 sounds good to me","","","",""
"90610161386913792","90607219074277376","45477797","2011-07-12 02:35:20 +0000","web","@claire80991 And thats what we are doing too!","","","",""
"90609374871035904","90607219074277376","45477797","2011-07-12 02:32:13 +0000","web","@claire80991 we just watched that!!!","","","",""
"90155670489411584","","","2011-07-10 20:29:21 +0000","web","Spent a weekend hacking access to a server I should have access to in the first place - oh well, circumventing security is fun!","","","",""
"86925947747565568","","7923542","2011-07-01 22:35:35 +0000","<a href=""http://twitter.com/devices"" rel=""nofollow"">txt</a>","@markriffey looks like parents have something planned, any chance you have an opening after 4 tomorrow?","","","",""
"86915026002255873","86913363011059712","7923542","2011-07-01 21:52:11 +0000","web","@MarkRiffey I'll see what I can do","","","",""
"86911879770939392","","7923542","2011-07-01 21:39:41 +0000","<a href=""http://twitter.com/devices"" rel=""nofollow"">txt</a>","@markriffey what time is good?","","","",""
"86855693818281984","","","2011-07-01 17:56:25 +0000","<a href=""http://twitter.com/devices"" rel=""nofollow"">txt</a>","headed home for the 4th, if anybody wants to chill...let me know","","","",""
"84863117015785472","","","2011-06-26 05:58:38 +0000","web","sqlite - flex - drag and drop - native drag events : this is getting to be interesting","","","",""
"82883548675186689","82810612027105280","7923542","2011-06-20 18:52:32 +0000","web","@MarkRiffey Already developing in Flash Builder, no big deal","","","",""
"82476936386969600","","","2011-06-19 15:56:48 +0000","web","done with Shakespeare [hopefully]","","","",""
"81713985463926784","81599281848532992","15436489","2011-06-17 13:25:06 +0000","web","@ee1013 very nice dining choice!","","","",""
"78816858488324096","","","2011-06-09 13:32:58 +0000","web","Woot: Tweet 300!!!","","","",""
"77415022829121536","","7923542","2011-06-05 16:42:34 +0000","<a href=""http://twitter.com/devices"" rel=""nofollow"">txt</a>","@markriffey this is very true...ill still be out for another 5 months tho","","","",""
"77388174065807360","77385155311972352","7923542","2011-06-05 14:55:53 +0000","web","@MarkRiffey almost 3 weeks out of surgery, able to walk (no crutches), and without a brace (if on flat ground & in a controlled environment)","","","",""
"77378190582095872","","","2011-06-05 14:16:12 +0000","web","Summer class starts up tomorrow - BOO","","","",""
"75916229520531456","","","2011-06-01 13:26:54 +0000","web","RT @MarkRiffey: RT @HarveyMackay: If everyone in your network is the same as you, it isn't a network, it's an anthill.  #networking #success","75905655118118912","7923542","2011-06-01 12:44:53 +0000",""
"75916101158043648","75757822180212736","158215101","2011-06-01 13:26:23 +0000","web","@duckydork101 It's so cute!","","","",""
"75193010576556032","","","2011-05-30 13:33:05 +0000","web","RT @outsideshane: Can customer service be helpful in 140 characters? http://bit.ly/g1opzh","75068178203545600","20204100","2011-05-30 05:17:03 +0000",""
"73976497991458817","73972687499829248","158215101","2011-05-27 04:59:06 +0000","<a href=""http://twitter.com/download/iphone"" rel=""nofollow"">Twitter for iPhone</a>","@duckydork101 it was similar to the first, yet still entertaining","","","",""
"73971370152833024","","","2011-05-27 04:38:43 +0000","web","Just saw it, can't say I was impressed, but overall: entertaining #HangoverII","","","",""
"73181065023459328","73148392401932288","45477797","2011-05-25 00:18:20 +0000","web","@claire80991 like","","","",""
"72015774159613952","71809200849825792","158215101","2011-05-21 19:07:53 +0000","web","@duckydork101 and what is that reason?","","","",""
"71314215167721472","","7923542","2011-05-19 20:40:08 +0000","<a href=""http://twitter.com/devices"" rel=""nofollow"">txt</a>","@markriffey full recovery is expected indeed","","","",""
"71300572120219648","71298437882191872","7923542","2011-05-19 19:45:55 +0000","web","@MarkRiffey Oh, I suppose I should probably announce that I tore my ACL and MCL about a month ago, just got out of surgery Tuesday...OUCH","","","",""
"71277493805531136","","","2011-05-19 18:14:13 +0000","<a href=""http://twitter.com/devices"" rel=""nofollow"">txt</a>","50 hrs out, still hurts","","","",""
"70276912903229442","","","2011-05-16 23:58:16 +0000","web","so, fire alarm 3:30; AM, what is happing to this world?","","","",""
"69807907381846017","","","2011-05-15 16:54:36 +0000","web","its amazing what computers will do when you don't have patience.
Here goes re-mapping 200-some files","","","",""
"67644914401423360","","","2011-05-09 17:39:39 +0000","web","Made it home and back for mother's day.","","","",""
"66587956755959809","","","2011-05-06 19:39:40 +0000","web","http://i.imgur.com/EIMlJ.gif
[lols]","","","",""
"65807475714170880","65800022343684096","7923542","2011-05-04 15:58:19 +0000","web","@MarkRiffey Thanks Mark","","","",""
"65799964424536064","","","2011-05-04 15:28:28 +0000","web","Halfway through school, kind of exciting, yet a downer at the same time","","","",""
"65550069247643648","","","2011-05-03 22:55:29 +0000","<a href=""http://twitter.com/devices"" rel=""nofollow"">txt</a>","one more...here we come","","","",""
"65458468240359424","","","2011-05-03 16:51:29 +0000","web","3v 2^ [3 down, 2 to go]","","","",""
"65126265585270784","","","2011-05-02 18:51:26 +0000","<a href=""http://twitter.com/devices"" rel=""nofollow"">txt</a>","two down 3 to go","","","",""
"65070572203290625","","","2011-05-02 15:10:08 +0000","<a href=""http://twitter.com/devices"" rel=""nofollow"">txt</a>","and so the countdowns begin, 1 down 4 to go","","","",""
"62599073580060672","","","2011-04-25 19:29:16 +0000","web","Back in capital city for a few months","","","",""
"61323381219401728","","","2011-04-22 07:00:08 +0000","web","Back in ctown for easter.  Anyone from the good old days want to chill?","","","",""
"54690532802306048","54687250872672256","45477797","2011-04-03 23:43:33 +0000","web","@claire80991 just a few more weeks","","","",""
"54447423745036288","","","2011-04-03 07:37:32 +0000","web","@thepennelopy 1:37","","","",""
"49336965337845760","","","2011-03-20 05:10:23 +0000","web","you say legit: -inurl:(htm|html|php) intitle:”index of” +”last modified” +”parent directory” +description +size +(wma|mp3) “artist or song”","","","",""
"49218858002812929","","","2011-03-19 21:21:04 +0000","web","My name is Nathan Woods unless you want to be funny then my name is Nattius Maximus.","","","",""
"48634632270393344","","","2011-03-18 06:39:34 +0000","web","Whoa - crazy rendering - http://youtu.be/watch?v=pf480SUuRxY","","","",""
"47004508512980992","","","2011-03-13 18:42:02 +0000","web","BOO - math","","","",""
"45639932785590273","","","2011-03-10 00:19:42 +0000","web","Chromium OS, in Phoenix AZ - Vacation fun","","","",""
"44274072665858049","","","2011-03-06 05:52:16 +0000","web","Staying in Utah for the evening, all is well.","","","",""
"42046245480570880","","7923542","2011-02-28 02:19:40 +0000","<a href=""http://twitter.com/devices"" rel=""nofollow"">txt</a>","@markriffey there is a reason its not available for the general public","","","",""
"42024417114456064","","","2011-02-28 00:52:56 +0000","web","Surfin' da net on Chromium OS...NBD","","","",""
"41399202928005120","","","2011-02-26 07:28:33 +0000","web","Chromium OS, lets do it!","","","",""
"40068296355229696","","","2011-02-22 15:20:00 +0000","web","bring on another school week...yay...not","","","",""
"39066848494497792","","","2011-02-19 21:00:37 +0000","web","boo...anger issues","","","",""
"38850528674971648","","","2011-02-19 06:41:02 +0000","web","Funny story, I love computers...Computers hate me...I hate computers that hate me...what is wrong with this picture?","","","",""
"38264942973030400","","7923542","2011-02-17 15:54:07 +0000","<a href=""http://twitter.com/devices"" rel=""nofollow"">txt</a>","@MarkRiffey sounds good...if im around, ill let ya know","","","",""
"38263718177550336","","7923542","2011-02-17 15:49:15 +0000","<a href=""http://twitter.com/devices"" rel=""nofollow"">txt</a>","@MarkRiffey not quite sure yet....have any ideas","","","",""
"38093026454810624","","7923542","2011-02-17 04:30:59 +0000","web","@MarkRiffey aww, remembering the bacon back and forths,..good stuff","","","",""
"37183994105692160","","","2011-02-14 16:18:49 +0000","web","last 10 hours, are we ready to pull it out?","","","",""
"36987954819760128","","","2011-02-14 03:19:50 +0000","web","paper writing is too much to handle...erg","","","",""
"36918211429531648","","","2011-02-13 22:42:42 +0000","web","and we are broke, a whole weekend for nothing...we will see","","","",""
"36835766298615808","","","2011-02-13 17:15:05 +0000","web","more paper writing...yay?","","","",""
"36249127465521152","","","2011-02-12 02:24:00 +0000","web","bustin' into model 2 math","","","",""
"35523645933617152","35516998792253440","45477797","2011-02-10 02:21:11 +0000","web","@claire80991 which gaydar?","","","",""
"34059888900440065","34059535983321088","45477797","2011-02-06 01:24:44 +0000","web","@claire80991 well, you never gave me your cell number, so we can't txt","","","",""
"34058842677448704","","45477797","2011-02-06 01:20:35 +0000","<a href=""http://twitter.com/devices"" rel=""nofollow"">txt</a>","@claire80991 well im super excited that youll be watching it with me","","","",""
"34057649314070528","","45477797","2011-02-06 01:15:51 +0000","<a href=""http://twitter.com/devices"" rel=""nofollow"">txt</a>","@claire80991 but i dont want to have to worry about anything during #thebiggame","","","",""
"34057022169292800","34056868796043264","45477797","2011-02-06 01:13:21 +0000","web","@claire80991 probably not...boo homework","","","",""
"34056350686257152","34055094496395264","45477797","2011-02-06 01:10:41 +0000","web","@claire80991 when does that start?","","","",""
"34052241069445120","34011185879715840","45477797","2011-02-06 00:54:21 +0000","web","@claire80991 break time?","","","",""
"32998452866711552","","","2011-02-03 03:06:58 +0000","web","Today, was long and interesting, but now just chillin' at desk","","","",""
"28011153598713856","28010498255486976","20204100","2011-01-20 08:49:14 +0000","web","Its this chocolate covered bacon and Ice cream?  Can you say AWESOME! @outsideshane @marcriffey @doepic_shit","","","",""
"26516217753767936","26457251581534208","7923542","2011-01-16 05:48:53 +0000","web","@MarkRiffey Thats pretty awesome","","","",""
"26311452197396481","26311281602469889","90499764","2011-01-15 16:15:13 +0000","web","@outsidesammi at least its not a speeding ticket for you","","","",""
"25980518042435585","","","2011-01-14 18:20:12 +0000","web","I has a funny: http://www.youtube.com/watch?v=kAG39jKi0lI","","","",""
"25028068384972800","","","2011-01-12 03:15:31 +0000","web","RT @hak5darren: &lt;!-- Gotta love it! :) --&gt; RT @dave_rel1k Home Depot was screwed. Website hacked dating back to 2009, just noticed ...","25026744981393410","1688461","2011-01-12 03:10:15 +0000",""
"24727087461957632","","","2011-01-11 07:19:31 +0000","web","BtN StR PtP - I guess I have a ways to go, but this is still pretty awesome","","","",""
"24342153308143616","","","2011-01-10 05:49:56 +0000","web","putty ssh session crashing after an hour, any Ideas?","","","",""
"23172220184436736","","","2011-01-07 00:21:02 +0000","web","tunnels tunneling is pretty awesome!!!","","","",""
"22343418092978176","22340592025468928","7923542","2011-01-04 17:27:40 +0000","web","@MarkRiffey winamp, it really whips the lama's @$$","","","",""
"19990469832351744","","","2010-12-29 05:37:54 +0000","web","Hopefully the weather will hold off for 15 more hrs","","","",""
"18541225111982080","","","2010-12-25 05:39:07 +0000","web","RT @Snubs: Merry Christmas everyone!","18538949450403840","14203895","2010-12-25 05:30:04 +0000",""
"18538247713980416","","","2010-12-25 05:27:17 +0000","web","Twas the night before Christmas, when all through the house Not a creature was stirring, not even a mouse - Merry Christmas Everyone!","","","",""
"18168492536627200","","","2010-12-24 04:58:00 +0000","web","yay, 4.000 GPA 3rd semester at college","","","",""
"18160667345289216","","","2010-12-24 04:26:55 +0000","web","boo, flat tires","","","",""
"17683719506632704","17675235180421120","90499764","2010-12-22 20:51:41 +0000","web","@outsidesammi didn't that snake cost $12?","","","",""
"17280696120770561","17277562564648960","7923542","2010-12-21 18:10:13 +0000","web","@MarkRiffey T41 will be blessed with my presence this evening","","","",""
"15079716155297792","","","2010-12-15 16:24:19 +0000","<a href=""http://twitter.com/devices"" rel=""nofollow"">txt</a>","made it through security, off to the GA","","","",""
"14870220506136576","","","2010-12-15 02:31:51 +0000","web","Packing for trip to Rome, GA.  I thought the stress was supposed to end when school ended - I guess not.","","","",""
"11328869600591872","","","2010-12-05 07:59:47 +0000","<a href=""http://www.echofon.com/"" rel=""nofollow"">Echofon</a>","Can you say ""Hello Rome""?","","","",""
"4549626183028736","","","2010-11-16 15:01:30 +0000","<a href=""http://twitter.com/devices"" rel=""nofollow"">txt</a>","oh, and by the way: It is snowing in Helena!","","","",""
"2058235217448961","","","2010-11-09 18:01:36 +0000","web","Whoa, its been a while since I last tweeted, so I figured I would tweet during class","","","",""
"20559596270","","","2010-08-07 00:00:00 +0000","<a href=""http://twitter.com/devices"" rel=""nofollow"">txt</a>","only 14 miles into montana--already feels like home","","","",""
"16807816301","","","2010-06-22 00:00:00 +0000","web","Just checking in, seeing if people actually use twitter...jk","","","",""
"16060314055","","","2010-06-13 00:00:00 +0000","web","fyi, organizing over 3,000 songs, takes a long time","","","",""
"15849248252","15848354059","16610609","2010-06-10 00:00:00 +0000","web","@outsidehilary sharp stick - what?","","","",""
"15285649338","","","2010-06-02 00:00:00 +0000","web","If anyone is down in the Logan Utah area, let me know!  I'm so bored","","","",""
"14707288525","","","2010-05-25 00:00:00 +0000","web","RT @MarkRiffey: Seriously cold (yet deserved): http://is.gd/coONl #oilspill","14707117446","7923542","2010-05-25 17:32:46 +0000",""
"13937011369","","82145145","2010-05-13 00:00:00 +0000","web","@outsideamy your not supposed to tweet that you didn't get a root canal, the boss might call you back in...lol","","","",""
"13261634946","","","2010-05-02 00:00:00 +0000","<a href=""http://dev.twitter.com/"" rel=""nofollow"">API</a>","Just played a game of #MSTetris and got a score of 300, check out @bignatewoods to see what is going on","","","",""
"12549142244","","","2010-04-21 00:00:00 +0000","web","hooray vehicle problems (more like incompetent driver problems)","","","",""
"12266963540","12266616112","15436489","2010-04-16 00:00:00 +0000","web","@ee1013 Good night cousin","","","",""
"12148826033","","","2010-04-14 00:00:00 +0000","web","I got counted","","","",""
"12125559364","","","2010-04-13 00:00:00 +0000","web","woot, managing summer housing from 7 hrs away","","","",""
"12024226571","","","2010-04-12 00:00:00 +0000","web","Finally finishes homework and wishes cousin happy birthday, talk about a lame weekend","","","",""
"11967169724","","","2010-04-11 00:00:00 +0000","web","Sitting in my dorm, doing homework.  Exciting life eh?","","","",""
"11958154625","11956634860","82145145","2010-04-10 00:00:00 +0000","web","@outsideamy did I miss your birthday?  sorry, but here is a late Happy Birthday","","","",""
"11852270062","11840855342","15436489","2010-04-09 00:00:00 +0000","web","@ee1013 wow, that would be awesome.  Yea it went through all 4 seasons today","","","",""
"11853007515","","","2010-04-09 00:00:00 +0000","web","Universities need to collaborate on REU's and their acceptance dates!! Missed one by 50 minuets","","","",""
"11800304731","","","2010-04-08 00:00:00 +0000","web","whoa, passed tweet 200 without even noticing, I suppose that doesn't make me any more important though.","","","",""
"11801978451","11801187845","7923542","2010-04-08 00:00:00 +0000","web","@MarkRiffey thanks mark","","","",""
"11810412160","","","2010-04-08 00:00:00 +0000","web","@thepennelopy whoa, thats a ton!!!","","","",""
"11810539435","","","2010-04-08 00:00:00 +0000","web","Recent question popped into my head, I wonder if anyone has ever tweeted their own password?","","","",""
"11810597193","","","2010-04-08 00:00:00 +0000","web","#dnsissexy because it just works!!!","","","",""
"11840654259","","","2010-04-08 00:00:00 +0000","<a href=""http://twitter.com/devices"" rel=""nofollow"">txt</a>","it snows in helena","","","",""
"11740559649","","","2010-04-07 00:00:00 +0000","web","Yarg, Homework :(","","","",""
"11560720235","","","2010-04-04 00:00:00 +0000","web","RT @ee1013: BUTLER ROCKS!!!!! WE ARE UNSTOPABLE!! :)","11560619067","15436489","2010-04-04 00:32:36 +0000",""
"11569392323","11559087443","7923542","2010-04-04 00:00:00 +0000","web","@MarkRiffey nice","","","",""
"11569433775","","","2010-04-04 00:00:00 +0000","<a href=""http://twitgoo.com"" rel=""nofollow"">twitgoo</a>","thats pretty @thepennelopy (re: http://twitgoo.com/mszee)","","","",""
"11597573874","","","2010-04-04 00:00:00 +0000","web","Happy Easter","","","",""
"11509986193","","","2010-04-03 00:00:00 +0000","web","Makes it home safely","","","",""
"11546598372","11546317821","90499764","2010-04-03 00:00:00 +0000","web","@outsidesammi sounds like my kind of response","","","",""
"11549409915","","","2010-04-03 00:00:00 +0000","web","Yay vba and random method call requirements","","","",""
"11481543044","11448132444","82145145","2010-04-02 00:00:00 +0000","web","@outsideamy Whoa, thats A long field trip, what is that, like 4 blocks?","","","",""
"11481603790","","","2010-04-02 00:00:00 +0000","web","Leaving School soon,  Headed home for Easter!!!","","","",""
"11353809981","","","2010-03-31 00:00:00 +0000","<a href=""http://www.echofon.com/"" rel=""nofollow"">Echofon</a>","And i go to bed","","","",""
"11172464122","","","2010-03-28 00:00:00 +0000","web","I think it's been a while sense Ive last tweeted, well here ya go!  I TWEET!  oh, and life is going well","","","",""
"9434880298","","","2010-02-21 00:00:00 +0000","web","thought I'd check out the twitter-sphere once in a while, hows life for the rest of us?","","","",""
"8154005568","","","2010-01-24 00:00:00 +0000","web","morning, from top bunk of guad 208","","","",""
"8164125623","","","2010-01-24 00:00:00 +0000","<a href=""http://echofon.com/"" rel=""nofollow"">Echofon</a>","@ThePennelopy and why is that?","","","",""
"7654756378","","","2010-01-12 00:00:00 +0000","web","Wonders if OM office figured out FTP?","","","",""
"7661215476","7656616204","16610609","2010-01-12 00:00:00 +0000","web","@outsidehilary dang","","","",""
"7631570771","","","2010-01-11 00:00:00 +0000","web","ARG!!!...first day of school back at cc  :(","","","",""
"7599013304","","","2010-01-10 00:00:00 +0000","web","Wonders If I should go buy books or not","","","",""
"7599023524","","","2010-01-10 00:00:00 +0000","web","Tweet 181 baby, movin' on up, eh?","","","",""
"7559998978","","","2010-01-09 00:00:00 +0000","web","Finally realize how slow the txt twitter updates really are, sorry every one...Back in Helena, Safe and Sound;  and OM servers running well","","","",""
"7368933775","","","2010-01-04 00:00:00 +0000","web","Heads back in 2 hrs","","","",""
"7368946630","","","2010-01-04 00:00:00 +0000","web","Hope all you High Schoolers have fun today...lol","","","",""
"7379868768","","","2010-01-04 00:00:00 +0000","<a href=""http://twitter.com/devices"" rel=""nofollow"">txt</a>","Welcomes himself+1 home for the last week of break","","","",""
"7346547958","","","2010-01-03 00:00:00 +0000","<a href=""http://twitter.com/devices"" rel=""nofollow"">txt</a>","Welcomes himself back to helena for a while","","","",""
"7210429511","","","2009-12-30 00:00:00 +0000","web","RT @outsidehilary: Shyamali from American Idol just got a job at the new restaurant in my office building! http://bit.ly/8KsgQm #mttalen ...","7209136577","16610609","2009-12-30 21:19:47 +0000",""
"7131236759","","","2009-12-28 00:00:00 +0000","web","Bulldog for lunch? sounds interesting...","","","",""
"6898609750","","","2009-12-21 00:00:00 +0000","web","Good Morning, Actually have to work today, AWESOME!","","","",""
"6746812291","","","2009-12-17 00:00:00 +0000","<a href=""http://twitter.com/devices"" rel=""nofollow"">txt</a>","made it back to cf, safe and sound","","","",""
"6730789833","","","2009-12-16 00:00:00 +0000","web","heads home today, ready or not here I come","","","",""
"6687313295","","","2009-12-15 00:00:00 +0000","web","Ready or not, Multi-variable Calculus, Here I come...Or did I say that backwards??? WHO KNOWS?","","","",""
"6695724860","6687333210","20204100","2009-12-15 00:00:00 +0000","web","@outsideshane Not much, heading home on Wednesday, just FYI","","","",""
"6699191848","","","2009-12-15 00:00:00 +0000","web","final test #2 - 45 min and done!~ why do we get two hours for these finals when they can be done in less than class time","","","",""
"6651601956","","","2009-12-14 00:00:00 +0000","web","hooray, another party where I am the designated driver","","","",""
"6663693264","","","2009-12-14 00:00:00 +0000","<a href=""http://twitter.com/devices"" rel=""nofollow"">txt</a>","first test: 45 min and done","","","",""
"6531557690","","","2009-12-10 00:00:00 +0000","web","roommates are just awesome...NOT!!!","","","",""
"6532157754","","","2009-12-10 00:00:00 +0000","web","Squeez Bacon® = awesome!!! - http://bit.ly/gXTi","","","",""
"6439173683","","","2009-12-07 00:00:00 +0000","web","Maybe I should tweet more, @markriffey has 6 for the past six hours, any thoughts?","","","",""
"6439215435","6439184051","7923542","2009-12-07 00:00:00 +0000","web","@MarkRiffey compiles?","","","",""
"6439325324","6439255672","7923542","2009-12-07 00:00:00 +0000","web","@MarkRiffey oh, yea, compiling defiantly allows extra time to do fun stuff","","","",""
"6374397287","","","2009-12-05 00:00:00 +0000","<a href=""http://twitpic.com/"" rel=""nofollow"">TwitPic</a>","http://twitpic.com/s9h5z - #noshavenovember end of month","","","",""
"6321445296","","","2009-12-04 00:00:00 +0000","web","another COLD practice","","","",""
"6263605363","","","2009-12-02 00:00:00 +0000","web","Sleep. What? Oh, I don't need that!","","","",""
"6127558091","","","2009-11-28 00:00:00 +0000","web","grizzly adams is not impressed","","","",""
"6135196705","6130287538","7923542","2009-11-28 00:00:00 +0000","web","@MarkRiffey im bearded","","","",""
"6140228737","","","2009-11-28 00:00:00 +0000","<a href=""http://echofon.com/"" rel=""nofollow"">Echofon</a>","In rought","","","",""
"6145565624","","","2009-11-28 00:00:00 +0000","<a href=""http://twitter.com/devices"" rel=""nofollow"">txt</a>","hello helena","","","",""
"6113395856","6104539335","7923542","2009-11-27 00:00:00 +0000","web","@MarkRiffey dont think i can make it over to mikes project, 5 paga paper due monday...can i catch up with ya before tomorrow?","","","",""
"6116881809","6114888950","7923542","2009-11-27 00:00:00 +0000","web","@MarkRiffey sounds good, when is a good time for you?","","","",""
"6073414271","","","2009-11-26 00:00:00 +0000","<a href=""http://twitter.com/devices"" rel=""nofollow"">txt</a>","is in c-town","","","",""
"6082804788","","","2009-11-26 00:00:00 +0000","web","Happy Thanksgiving","","","",""
"6090302128","6073907684","7923542","2009-11-26 00:00:00 +0000","web","@MarkRiffey what will we be doing, and for how long?","","","",""
"6051480655","","","2009-11-25 00:00:00 +0000","web","heads home this evening","","","",""
"5949701523","","16610609","2009-11-22 00:00:00 +0000","web","@outsidehilary @outsideshane hello?","","","",""
"5950154797","5950003313","16610609","2009-11-22 00:00:00 +0000","web","@outsidehilary did you get my email?","","","",""
"5889836775","5885970188","16610609","2009-11-20 00:00:00 +0000","web","@outsidehilary @outsideshane hello?","","","",""
"5844556539","","","2009-11-19 00:00:00 +0000","web","cc rot serves thanksgiving dinner early? sounds like a plot against us","","","",""
"5754448764","","","2009-11-16 00:00:00 +0000","<a href=""http://twitpic.com/"" rel=""nofollow"">TwitPic</a>","http://twitpic.com/ppn4z - #noshavenovember Week 2;","","","",""
"5779320184","","","2009-11-16 00:00:00 +0000","web","checked twitter and facebook and everything else; time for homework","","","",""
"5739640732","","","2009-11-15 00:00:00 +0000","web","works on magic","","","",""
"5713063738","","","2009-11-14 00:00:00 +0000","web","lives another day","","","",""
"5673231669","","","2009-11-13 00:00:00 +0000","web","takes a sip of water","","","",""
"5651249958","","","2009-11-12 00:00:00 +0000","<a href=""http://twitter.com/devices"" rel=""nofollow"">txt</a>","google rids itself of ""il feeling lucky""  erg","","","",""
"5657928018","","","2009-11-12 00:00:00 +0000","<a href=""http://twitter.com/devices"" rel=""nofollow"">txt</a>","it snows","","","",""
"5573588305","5549567762","7923542","2009-11-10 00:00:00 +0000","web","@MarkRiffey try 6 in a week","","","",""
"5593782880","","","2009-11-10 00:00:00 +0000","web","just whipped a math test *I think","","","",""
"5596253245","","","2009-11-10 00:00:00 +0000","<a href=""http://twitter.com/devices"" rel=""nofollow"">txt</a>","music for class sounds like a good trade to me","","","",""
"5597164019","5576161577","7923542","2009-11-10 00:00:00 +0000","web","@MarkRiffey Bacon salt = awesome","","","",""
"5549152343","5524660801","7923542","2009-11-09 00:00:00 +0000","web","@MarkRiffey having to write so many papers...evil instructors","","","",""
"5521966545","5493955007","7923542","2009-11-08 00:00:00 +0000","web","@MarkRiffey Undefeated","","","",""
"5493802292","5442106148","16610609","2009-11-07 00:00:00 +0000","web","@outsidehilary they are fine...","","","",""
"5441871833","","","2009-11-05 00:00:00 +0000","web","sat out on football practice today...OUCH","","","",""
"5408509922","5397611165","15436489","2009-11-04 00:00:00 +0000","web","@ee1013 I'll have to rember that","","","",""
"5378343539","","","2009-11-03 00:00:00 +0000","<a href=""http://twitpic.com/"" rel=""nofollow"">TwitPic</a>","http://twitpic.com/o2j69 - #noshavenovember Week 0; Day 2","","","",""
"5397336001","","","2009-11-03 00:00:00 +0000","<a href=""http://twitter.com/devices"" rel=""nofollow"">txt</a>","just got raped by a math problem","","","",""
"5363936984","","","2009-11-02 00:00:00 +0000","web","Happy Halloween (plus a day, seven hours, 29 minutes, and 33 seconds) + (another hour for the daylights savings time conversion)","","","",""
"5308878108","5301603981","7923542","2009-10-31 00:00:00 +0000","web","@MarkRiffey Awesome List!!!","","","",""
"5224210438","","","2009-10-28 00:00:00 +0000","<a href=""http://twitter.com/devices"" rel=""nofollow"">txt</a>","it snows","","","",""
"5190841214","5153690774","44801679","2009-10-27 00:00:00 +0000","web","@loverj1973 - thanks","","","",""
"5141051181","5129461692","44801679","2009-10-25 00:00:00 +0000","web","@loverj1973 no, just ... not really","","","",""
"5147446276","","","2009-10-25 00:00:00 +0000","<a href=""http://twitpic.com/"" rel=""nofollow"">TwitPic</a>","http://twitpic.com/mvtv0 - What I have to wake up to","","","",""
"5118082366","","","2009-10-24 00:00:00 +0000","web","falls short of his own expectations this evening","","","",""
"5132866626","","","2009-10-24 00:00:00 +0000","<a href=""http://twitter.com/devices"" rel=""nofollow"">txt</a>","just barley won the game","","","",""
"5087192889","","","2009-10-23 00:00:00 +0000","web","is tutoring the world tonight","","","",""
"5032600706","5030489738","20204100","2009-10-21 00:00:00 +0000","web","@outsideshane dang...I missed Taco Tuesday... :(","","","",""
"5044057144","","","2009-10-21 00:00:00 +0000","<a href=""http://twitter.com/devices"" rel=""nofollow"">txt</a>","and a thick fog roles over the cc campus","","","",""
"5046989461","5046148647","44801679","2009-10-21 00:00:00 +0000","web","@loverj1973 not so awesome over here","","","",""
"5009377903","","","2009-10-20 00:00:00 +0000","<a href=""http://twitter.com/devices"" rel=""nofollow"">txt</a>","let's see how this ""law abiding citizen"" movie is.","","","",""
"5012680549","","","2009-10-20 00:00:00 +0000","web","its a good one...that's for sure","","","",""
"4990683075","","","2009-10-19 00:00:00 +0000","<a href=""http://twitter.com/devices"" rel=""nofollow"">txt</a>","I don't want to get up today :(
Alot going on in my head (not much actually hapening)","","","",""
"4997595969","","","2009-10-19 00:00:00 +0000","<a href=""http://twitter.com/devices"" rel=""nofollow"">txt</a>","its a beautifull day in the neighborhood","","","",""
"4967781297","","","2009-10-18 00:00:00 +0000","<a href=""http://twitter.com/devices"" rel=""nofollow"">txt</a>","""gets"" to run a 5k today","","","",""
"4935042252","","","2009-10-17 00:00:00 +0000","web","eek; massive twitter conversation @outsideshane @outsidehilary","","","",""
"4946328453","","","2009-10-17 00:00:00 +0000","<a href=""http://twitter.com/devices"" rel=""nofollow"">txt</a>","hello Diggers","","","",""
"4947529111","","","2009-10-17 00:00:00 +0000","<a href=""http://twitter.com/devices"" rel=""nofollow"">txt</a>","i think yall can see the carroll game on collegefans.com or something like that","","","",""
"4948090286","","","2009-10-17 00:00:00 +0000","<a href=""http://twitter.com/devices"" rel=""nofollow"">txt</a>","thats collegefanz.com","","","",""
"4909684408","4899747487","16610609","2009-10-16 00:00:00 +0000","web","@outsidehilary eek,  my eyes","","","",""
"4849776525","4842715457","20204100","2009-10-14 00:00:00 +0000","web","@outsideshane my pleasure","","","",""
"4798098126","","","2009-10-12 00:00:00 +0000","web","WOOT--tweet 101","","","",""
"4776601191","","","2009-10-11 00:00:00 +0000","web","heads back to CC in the AM--visit was awesome--sorry if I missed ya, catch ya next time","","","",""
"4788819374","","","2009-10-11 00:00:00 +0000","web","back in CC--safe trip","","","",""
"4735496839","","","2009-10-09 00:00:00 +0000","web","back in c-town","","","",""
"4701858786","","","2009-10-08 00:00:00 +0000","web","Finished updated and adding logos to home page @outsideshane @outsidehilary  check em out  outsidemedia.com","","","",""
"4683241448","","","2009-10-07 00:00:00 +0000","web","first snow at CC","","","",""
"4524565965","4498370190","20204100","2009-10-01 00:00:00 +0000","web","@outsideshane I am ready...bring the pain","","","",""
"4498173504","","","2009-09-30 00:00:00 +0000","web","first day of rain at CC...the intern has mixed feeling on this phenomena","","","",""
"4498213468","4463703316","20204100","2009-09-30 00:00:00 +0000","web","@outsideshane Weekend was good.  I have this next week off school...so if you folkes need anything done on by end...just let me know","","","",""
"4463658021","4461931743","20204100","2009-09-29 00:00:00 +0000","web","@outsideshane @outsidehilary How was the trip?","","","",""
"4404658716","","","2009-09-26 00:00:00 +0000","web","carroll won the game","","","",""
"4350860425","","16610609","2009-09-24 00:00:00 +0000","web","@outsidehilary , @outsideshane - found work around for codec issue","","","",""
"4310509624","4304753243","16610609","2009-09-23 00:00:00 +0000","web","@outsidehilary 's codecs are in the process of ... idk where Im going with this.
I'm workin on your box","","","",""
"4141552189","","","2009-09-21 00:00:00 +0000","<a href=""http://twitter.com/devices"" rel=""nofollow"">txt</a>","lays awake...pondering","","","",""
"4126479608","","","2009-09-20 00:00:00 +0000","web","awakes","","","",""
"4090032321","4060777119","15436489","2009-09-18 00:00:00 +0000","web","@ee1013 I know...I just can't leave them alone","","","",""
"4060260403","","","2009-09-17 00:00:00 +0000","web","has his internet privileges reinstated","","","",""
"4029364439","","","2009-09-16 00:00:00 +0000","<a href=""http://twitter.com/devices"" rel=""nofollow"">txt</a>","has his internet privleges temporarily revoked","","","",""
"3866238447","","","2009-09-09 00:00:00 +0000","web","Still awaits a list from @outsidehilary","","","",""
"3821751942","","","2009-09-07 00:00:00 +0000","<a href=""http://twitter.com/devices"" rel=""nofollow"">txt</a>","doesn't have school today","","","",""
"3764735177","","","2009-09-04 00:00:00 +0000","<a href=""http://twitter.com/devices"" rel=""nofollow"">txt</a>","wonders why?","","","",""
"3738331378","","","2009-09-03 00:00:00 +0000","<a href=""http://twitter.com/devices"" rel=""nofollow"">txt</a>","sits in alpha class...BORING...why did I pay so much for 4 years of stress and time?","","","",""
"3619144241","","","2009-08-29 00:00:00 +0000","web","Learns it's better to love computers compared to forcing them to do what you want","","","",""
"3427810809","","","2009-08-20 00:00:00 +0000","<a href=""http://twitter.com/devices"" rel=""nofollow"">txt</a>","is awaiting for practice to start (no more two-a-days ... YAY)","","","",""
"3410086967","","","2009-08-19 00:00:00 +0000","web","Last day of two-a-days....AWESOME","","","",""
"3350391335","","","2009-08-16 00:00:00 +0000","<a href=""http://twitter.com/devices"" rel=""nofollow"">txt</a>","has the day off...why is this so boring","","","",""
"3328385643","","","2009-08-15 00:00:00 +0000","<a href=""http://twitter.com/devices"" rel=""nofollow"">txt</a>","gets a one day break after today","","","",""
"3285532851","","","2009-08-13 00:00:00 +0000","<a href=""http://twitter.com/devices"" rel=""nofollow"">txt</a>","Awakes ""on-time"" again","","","",""
"3258915696","","","2009-08-12 00:00:00 +0000","web","tweets from carroll (proxy not setup yet)","","","",""
"3205903093","","","2009-08-09 00:00:00 +0000","<a href=""http://twitter.com/devices"" rel=""nofollow"">txt</a>","Good morning America, (from Carroll) how are ya?","","","",""
"3159991712","","","2009-08-06 00:00:00 +0000","<a href=""http://twitter.com/devices"" rel=""nofollow"">txt</a>","says ""Hello"" from Helena, MT.  Moved in yay!","","","",""
"3139497198","3135332352","16610609","2009-08-05 00:00:00 +0000","web","@outsidehilary MY EYESSSS!!!","","","",""
"3147056569","","","2009-08-05 00:00:00 +0000","web","Computers are shutting down.  Migration is imminent!","","","",""
"3118742181","3093654741","15436489","2009-08-04 00:00:00 +0000","<a href=""http://echofon.com/"" rel=""nofollow"">Echofon</a>","@ee1013 nv3","","","",""
"3118761506","3105981324","44801679","2009-08-04 00:00:00 +0000","<a href=""http://echofon.com/"" rel=""nofollow"">Echofon</a>","@loverj1973 you know it is not beer that causes beer bellies","","","",""
"3127717992","3126804825","44801679","2009-08-04 00:00:00 +0000","web","@loverj1973 well beer is actualy good for you, its what you eat with it that kills ya.","","","",""
"3127795083","","","2009-08-04 00:00:00 +0000","web","needed something else to be his latest post (if ya know what I mean)","","","",""
"3098563281","","","2009-08-03 00:00:00 +0000","web","horay all my followers are real
darn. only have 18 followers","","","",""
"3081776334","","","2009-08-02 00:00:00 +0000","<a href=""http://twitter.com/devices"" rel=""nofollow"">txt</a>","just seein' what this whole phone thing goes","","","",""
"3081810577","","","2009-08-02 00:00:00 +0000","<a href=""http://twitter.com/devices"" rel=""nofollow"">txt</a>","and another one","","","",""
"3089074047","","","2009-08-02 00:00:00 +0000","<a href=""http://twitter.com/devices"" rel=""nofollow"">txt</a>","Washed my car!","","","",""
"3093598250","","","2009-08-02 00:00:00 +0000","<a href=""http://twitter.com/devices"" rel=""nofollow"">txt</a>","I love my new phone...yay","","","",""
"3064769254","","","2009-08-01 00:00:00 +0000","web","Got an OK phone...txt away my brothers...FREE TXT","","","",""
"2874387968","","","2009-07-27 00:00:00 +0000","web","add one more tweet to the list","","","",""
"2823465799","","","2009-07-24 00:00:00 +0000","<a href=""http://www.seesmic.com/"" rel=""nofollow"">Seesmic</a>","is working...Finally!","","","",""
"2726566981","","","2009-07-19 00:00:00 +0000","<a href=""http://www.seesmic.com/"" rel=""nofollow"">Seesmic</a>","The BEST is the WEST!!!","","","",""
"2641655569","","","2009-07-15 00:00:00 +0000","<a href=""http://echofon.com/"" rel=""nofollow"">Echofon</a>","Just a few! RT @outsidehilary: Hoping Big Nate the Intern isn't hurting too many wimpy kids at East West Shrine Game practice. @bignatewoods","","","",""
"2579627279","","","2009-07-11 00:00:00 +0000","<a href=""http://echofon.com/"" rel=""nofollow"">Echofon</a>","Says ""Hay"" from butte","","","",""
"2557457859","","","2009-07-09 00:00:00 +0000","<a href=""http://desktop.seesmic.com/"" rel=""nofollow"">Seesmic Desktop</a>","Heading offline soon, going to play in the Shrine Game! See y'all in a week!","","","",""
"2491590962","","","2009-07-06 00:00:00 +0000","<a href=""http://echofon.com/"" rel=""nofollow"">Echofon</a>","Don't feel like going to work tomorrow","","","",""
"2500134384","","","2009-07-06 00:00:00 +0000","<a href=""http://desktop.seesmic.com/"" rel=""nofollow"">Seesmic Desktop</a>","grrr...Joomla","","","",""
"2500701822","","","2009-07-06 00:00:00 +0000","<a href=""http://desktop.seesmic.com/"" rel=""nofollow"">Seesmic Desktop</a>","BIG NATE:Standing By","","","",""
"2501126114","","","2009-07-06 00:00:00 +0000","<a href=""http://desktop.seesmic.com/"" rel=""nofollow"">Seesmic Desktop</a>","BIG NATE: In Action!!!","","","",""
"2501331728","2501304683","44801679","2009-07-06 00:00:00 +0000","<a href=""http://desktop.seesmic.com/"" rel=""nofollow"">Seesmic Desktop</a>","@loverj1973 Wow, You must be pretty excited","","","",""
"2504071318","","","2009-07-06 00:00:00 +0000","<a href=""http://desktop.seesmic.com/"" rel=""nofollow"">Seesmic Desktop</a>","Short walks (breaks from work) are great","","","",""
"2448839098","","","2009-07-03 00:00:00 +0000","web","see's elders turn elderly","","","",""
"2438964876","","","2009-07-02 00:00:00 +0000","<a href=""http://desktop.seesmic.com/"" rel=""nofollow"">Seesmic Desktop</a>","Boss leaves me alone in office...PARTY!!!","","","",""
"2439083165","","","2009-07-02 00:00:00 +0000","<a href=""http://desktop.seesmic.com/"" rel=""nofollow"">Seesmic Desktop</a>","AWW...Boss came back...NO PARTY :(","","","",""
"2442406223","","","2009-07-02 00:00:00 +0000","<a href=""http://desktop.seesmic.com/"" rel=""nofollow"">Seesmic Desktop</a>","by boss just threw something at me!!!","","","",""
"2423222919","","","2009-07-01 00:00:00 +0000","<a href=""http://desktop.seesmic.com/"" rel=""nofollow"">Seesmic Desktop</a>","is at work and sleepy","","","",""
"2424942205","","","2009-07-01 00:00:00 +0000","<a href=""http://desktop.seesmic.com/"" rel=""nofollow"">Seesmic Desktop</a>","Is trying to write, but is coming up short","","","",""
"2406514412","","","2009-06-30 00:00:00 +0000","web","figured it's about time to tweet something","","","",""
"2406750980","2406715285","16610609","2009-06-30 00:00:00 +0000","<a href=""http://desktop.seesmic.com/"" rel=""nofollow"">Seesmic Desktop</a>","Please wait while I ponder the definition of ""boring!"" @outsidehilary","","","",""
"2407391276","","","2009-06-30 00:00:00 +0000","web","this is a test of my javascript injection abilities","","","",""
"2408127107","","","2009-06-30 00:00:00 +0000","<a href=""http://desktop.seesmic.com/"" rel=""nofollow"">Seesmic Desktop</a>","woot...taco Tuesday...YAY","","","",""
"2411576544","","","2009-06-30 00:00:00 +0000","web","GRRRRR....HDMI","","","",""
"2411594676","","","2009-06-30 00:00:00 +0000","web","Wow...only 40 updated....talk about lazy","","","",""
"2389761697","","","2009-06-29 00:00:00 +0000","<a href=""http://desktop.seesmic.com/"" rel=""nofollow"">Seesmic Desktop</a>","it's good to be back at work","","","",""
"2392340322","","","2009-06-29 00:00:00 +0000","<a href=""http://desktop.seesmic.com/"" rel=""nofollow"">Seesmic Desktop</a>","Got some Grenade stickers...any takers? (C-Town only)","","","",""
"2367773598","","","2009-06-28 00:00:00 +0000","web","Guess who's back...","","","",""
"2261096275","","","2009-06-21 00:00:00 +0000","web","Goin' offline for a week, see ya'll soon!","","","",""
"2248772615","","","2009-06-20 00:00:00 +0000","web","I will be out of contact for this next week.  Sorry everybody.","","","",""
"2237089756","","","2009-06-19 00:00:00 +0000","<a href=""http://twitpic.com/"" rel=""nofollow"">TwitPic</a>","http://twitpic.com/7sks3 - EEK, Hope I don't run into this on the way to work!","","","",""
"2215708194","","","2009-06-18 00:00:00 +0000","web","Does this show up on facebook? TEST","","","",""
"2213297178","","","2009-06-17 00:00:00 +0000","<a href=""http://desktop.seesmic.com/"" rel=""nofollow"">Seesmic Desktop</a>","has no graphic creativity","","","",""
"2213792330","","","2009-06-17 00:00:00 +0000","<a href=""http://desktop.seesmic.com/"" rel=""nofollow"">Seesmic Desktop</a>","KT TAPE 4 a year! Most retweets win! Follow @kttape 2 enter. Contest ends 12pm PST 6/23/09 Click 2 RT http://bit.ly/chcbq #kt4yr","","","",""
"2213808146","","","2009-06-17 00:00:00 +0000","<a href=""http://desktop.seesmic.com/"" rel=""nofollow"">Seesmic Desktop</a>","still has no artsy ability","","","",""
"2191622634","","","2009-06-16 00:00:00 +0000","web","working...can be fun","","","",""
"2195592519","","","2009-06-16 00:00:00 +0000","<a href=""http://desktop.seesmic.com/"" rel=""nofollow"">Seesmic Desktop</a>","AWESOME, THIS SHOWED UP ON FACEBOOK AND TWITTER AT THE SAME TIME","","","",""
"2197071551","","","2009-06-16 00:00:00 +0000","<a href=""http://desktop.seesmic.com/"" rel=""nofollow"">Seesmic Desktop</a>","Decides that he needs to spend some money.","","","",""
"2197281893","","","2009-06-16 00:00:00 +0000","web","Runs a test","","","",""
"2197302623","","","2009-06-16 00:00:00 +0000","<a href=""http://desktop.seesmic.com/"" rel=""nofollow"">Seesmic Desktop</a>","syncs Facebook and Twitter","","","",""
"2171367670","","","2009-06-15 00:00:00 +0000","web","Yay, new comp set up for the elders.  (my comp still waiting for them to get off)","","","",""
"2177158682","","","2009-06-15 00:00:00 +0000","web","Hooray, Graduation thankyou's finished.  In the mail today.","","","",""
"2148246873","","","2009-06-13 00:00:00 +0000","web","dinner was good","","","",""
"2126332974","","","2009-06-12 00:00:00 +0000","web","scripting in php is fun, especially when it betters the entire internet","","","",""
"2099465241","","","2009-06-10 00:00:00 +0000","web","wired=crazy mag","","","",""
"2065809866","","","2009-06-07 00:00:00 +0000","web","senior party = less rest","","","",""
"2051484733","","","2009-06-06 00:00:00 +0000","web","graduation in a few more hours...","","","",""
"2043034970","","","2009-06-05 00:00:00 +0000","web","Everybody is here for graduation.  Yay...","","","",""
"2016675247","","","2009-06-03 00:00:00 +0000","web","I figure I'd better tweet or something so I could catch up with my couzin","","","",""
"1986004077","","","2009-06-01 00:00:00 +0000","web","The days must be going slower.","","","",""
"1993649535","","","2009-06-01 00:00:00 +0000","web","hey, I just cut my knuckles, yay","","","",""
"1997278361","","","2009-06-01 00:00:00 +0000","web","just got some shots and bleed like alittle girl","","","",""
"1976544585","","","2009-05-31 00:00:00 +0000","web","over all... an ok day","","","",""
"1980429513","","","2009-05-31 00:00:00 +0000","web","Hooray, another day in the life on Nate Woods.","","","",""
"1967665880","","","2009-05-30 00:00:00 +0000","web","Seein' what twitter is all about","","","",""
"1970899065","","","2009-05-30 00:00:00 +0000","web","Hooray, twitter is awesome (got locked out for some reason just after signing up)","","","",""
"1971003935","","","2009-05-30 00:00:00 +0000","web","OK, now that it works, twitter rocks","","","",""
"1973366229","","","2009-05-30 00:00:00 +0000","web","cleaning sucks","","","",""
"1975165843","","","2009-05-30 00:00:00 +0000","web","Hooray! Room and Basement are clean.","","","",""
